{"schemaVersion":"1.0","appDefinitionTemplate":{"id":"/providers/Microsoft.PowerApps/apps/","type":"Microsoft.PowerApps/apps","tags":{"primaryDeviceWidth":"640","primaryDeviceHeight":"1136","sienaVersion":"20200914T112211Z-3.20085.19.0","deviceCapabilities":"","supportsPortrait":"true","supportsLandscape":"false","primaryFormFactor":"Phone","publisherVersion":"3.20085.19","minimumRequiredApiVersion":"2.2.0","hasComponent":"false","hasUnlockedComponent":"false","isUnifiedRootApp":"false"},"properties":{"appVersion":"2020-09-14T11:22:11Z","lifeCycleId":"Published","createdByClientVersion":{"major":3,"minor":20085,"build":19,"revision":0,"majorRevision":0,"minorRevision":0},"minClientVersion":{"major":3,"minor":20085,"build":19,"revision":0,"majorRevision":0,"minorRevision":0},"backgroundColor":"rgba(0, 176, 240, 1)","backgroundImageUri":"/10712894693886425217/Na0714d75-4d68-48df-a1c6-a1b5de6f610a-logoSmallFile","displayName":"App","description":"","commitMessage":"","appUris":{"documentUri":{"value":"/10712894693886425217/N14ea7e3f-8e07-4288-b735-9437f56c7410-document.msapp","readonlyValue":"/10712894693886425217/N14ea7e3f-8e07-4288-b735-9437f56c7410-document.msapp"},"imageUris":[]},"createdTime":"0001-01-01T00:00:00Z","lastModifiedTime":"0001-01-01T00:00:00Z","sharedGroupsCount":0,"sharedUsersCount":0,"icons":{"smallIconUri":"/10712894693886425217/Nf2abb5b7-6cf1-4897-bcfc-bf13de3c6c46-small.png","mediumIconUri":"/10712894693886425217/Nfe38828e-7093-46f8-9771-b2f246d5daa5-medium.png","largeIconUri":"/10712894693886425217/N2ca3fc58-2b20-4c4e-ba74-2f0fef2d3caf-large.png","wideIconUri":"/10712894693886425217/N52a24625-76c8-4155-b8e6-7a48f2f81ff5-wide.png"},"connectionReferences":{"bdc53730-6ca3-4b38-889b-47fe1051e039":{"id":"381c16d0-9e55-402d-ab09-4929f0230b72","displayName":"Excel","iconUri":"https://connectoricons-prod.azureedge.net/excel/icon_1.0.1352.2014.png","dataSources":["Table3"],"dependencies":["b53748f2-520f-428a-bb6d-41c54a879fff"],"dependents":[],"parameterHints":{"b53748f2-520f-428a-bb6d-41c54a879fff":{"value":"fileSource"}},"isOnPremiseConnection":false,"dataSets":{"b!OQXzWCvm1ESMbf_1bHu8LbXm4MG5D_lBv8adplfgu0cALUtjO2PYTqCNN6Tl838Z.01XKHAEWXNGO4QDMYYCRCJGKKFEU7KBSHZ":{"dataSources":{"Table3":{"tableName":"Table3"}}}},"apiTier":"Standard","isCustomApiConnection":false},"b53748f2-520f-428a-bb6d-41c54a879fff":{"id":"024ca24e-e939-44d4-91c6-f36379985446","displayName":"OneDrive for Business","iconUri":"https://connectoricons-prod.azureedge.net/onedriveforbusiness/icon_1.0.1341.1987.png","dataSources":[],"dependencies":[],"dependents":["bdc53730-6ca3-4b38-889b-47fe1051e039"],"parameterHints":{},"isOnPremiseConnection":false,"dataSets":{},"apiTier":"Standard","isCustomApiConnection":false}},"databaseReferences":{},"almMode":"Environment","performanceOptimizationEnabled":true,"canConsumeAppPass":true},"isAppComponentLibrary":false,"appType":"ClassicCanvasApp","appComponents":[]}}